{
  "hash": "0c670fc3",
  "configHash": "cc02d5db",
  "lockfileHash": "cbc2bcf7",
  "browserHash": "670a32f6",
  "optimized": {
    "@angular/common": {
      "src": "../../../../../../node_modules/@angular/common/fesm2022/common.mjs",
      "file": "@angular_common.js",
      "fileHash": "8bbc354d",
      "needsInterop": false
    },
    "@angular/common/http": {
      "src": "../../../../../../node_modules/@angular/common/fesm2022/http.mjs",
      "file": "@angular_common_http.js",
      "fileHash": "48b4a1df",
      "needsInterop": false
    },
    "@angular/core": {
      "src": "../../../../../../node_modules/@angular/core/fesm2022/core.mjs",
      "file": "@angular_core.js",
      "fileHash": "f2c531ac",
      "needsInterop": false
    },
    "@angular/forms": {
      "src": "../../../../../../node_modules/@angular/forms/fesm2022/forms.mjs",
      "file": "@angular_forms.js",
      "fileHash": "0ff9bcea",
      "needsInterop": false
    },
    "@angular/platform-browser": {
      "src": "../../../../../../node_modules/@angular/platform-browser/fesm2022/platform-browser.mjs",
      "file": "@angular_platform-browser.js",
      "fileHash": "7ac9b28b",
      "needsInterop": false
    },
    "@angular/router": {
      "src": "../../../../../../node_modules/@angular/router/fesm2022/router.mjs",
      "file": "@angular_router.js",
      "fileHash": "05535dc1",
      "needsInterop": false
    },
    "rxjs": {
      "src": "../../../../../../node_modules/rxjs/dist/esm5/index.js",
      "file": "rxjs.js",
      "fileHash": "fc5e26f1",
      "needsInterop": false
    },
    "rxjs/operators": {
      "src": "../../../../../../node_modules/rxjs/dist/esm5/operators/index.js",
      "file": "rxjs_operators.js",
      "fileHash": "56454ced",
      "needsInterop": false
    },
    "jwt-decode": {
      "src": "../../../../../../node_modules/jwt-decode/build/esm/index.js",
      "file": "jwt-decode.js",
      "fileHash": "19c02592",
      "needsInterop": false
    }
  },
  "chunks": {
    "chunk-SA3DE6PF": {
      "file": "chunk-SA3DE6PF.js"
    },
    "chunk-2BQMLXRO": {
      "file": "chunk-2BQMLXRO.js"
    },
    "chunk-HLSHBZT2": {
      "file": "chunk-HLSHBZT2.js"
    },
    "chunk-XMWWQY6E": {
      "file": "chunk-XMWWQY6E.js"
    },
    "chunk-AUREPRPG": {
      "file": "chunk-AUREPRPG.js"
    },
    "chunk-WCYHURJF": {
      "file": "chunk-WCYHURJF.js"
    },
    "chunk-3TXA6K3X": {
      "file": "chunk-3TXA6K3X.js"
    },
    "chunk-WDMUDEB6": {
      "file": "chunk-WDMUDEB6.js"
    }
  }
}