{
  "compromissos": [
    {
      "titulo": "Compromisso Admin",
      "descricao": "Teste admin compromisso",
      "data": "2025-03-31",
      "hora": "22:00",
      "contatoId": "1",
      "localId": "1",
      "usuarioId": 67,
      "id": 1
    },
    {
      "titulo": "Teste",
      "descricao": "testar para apagar",
      "data": "2025-03-25",
      "hora": "19:00",
      "contatoId": "3",
      "localId": "1",
      "id": 5,
      "userId": "67"
    },
    {
      "titulo": "Teste3",
      "descricao": "testar",
      "data": "2025-03-25",
      "hora": "16:00",
      "contatoId": "4",
      "localId": "2",
      "id": 6,
      "userId": "67"
    },
    {
      "titulo": "Admin visitar  teste",
      "descricao": "teste privilegio ",
      "data": "2025-03-31",
      "hora": "19:00",
      "contatoId": "2",
      "localId": "3",
      "userId": "67d2211c247366209a6713d0",
      "id": 7
    },
    {
      "titulo": "Teste2",
      "descricao": "Teste do user",
      "data": "2025-03-24",
      "hora": "16:40",
      "contatoId": "8",
      "localId": "4",
      "userId": "67d21eb7247366209a6713bf",
      "id": 8
    },
    {
      "titulo": "Teste4",
      "descricao": "apagar depois",
      "data": "2025-05-01",
      "hora": "18:00",
      "contatoId": "10",
      "localId": "3",
      "userId": "67d2211c247366209a6713d0",
      "id": 9
    }
  ],
  "contatos": [
    {
      "nome": "Rodrigo",
      "telefone": "479999999",
      "email": "rulir@hotmail.com",
      "id": 1
    },
    {
      "nome": "Arthur",
      "telefone": "47988035565",
      "email": "arthur@email.com",
      "id": 2
    },
    {
      "nome": "Victor",
      "telefone": "47988022563",
      "email": "viko@gmail.com",
      "id": 3
    },
    {
      "nome": "Camila",
      "telefone": "4799147556",
      "email": "camila@email.com",
      "id": 4
    },
    {
      "nome": "Admin",
      "telefone": "4799899999",
      "email": "admin@email.com",
      "id": 5
    },
    {
      "nome": "Apagar2",
      "email": "del@email.com",
      "telefone": "4795564452",
      "userId": "67d2211c247366209a6713d0",
      "id": 7
    },
    {
      "nome": "Teste",
      "email": "teste2@teste.com",
      "telefone": "479556165241",
      "userId": "67",
      "id": 8
    },
    {
      "nome": "ContatoUser1",
      "email": "contatouser@email.com",
      "telefone": "4799835255",
      "userId": "67d21eb7247366209a6713bf",
      "id": 9
    },
    {
      "nome": "ContatoUser2",
      "email": "contatouser2@gmail.com",
      "telefone": "4799526525",
      "userId": "67d21eb7247366209a6713bf",
      "id": 10
    }
  ],
  "locais": [
    {
      "nome": "LocalTeste",
      "endereco": "Rua do teste, 999",
      "id": 1
    },
    {
      "nome": "Local2",
      "endereco": "Local2 da Rua",
      "id": 2
    },
    {
      "nome": "Local3",
      "endereco": "Teste do Local3 ",
      "id": 3
    },
    {
      "nome": "Local1",
      "endereco": "Rua do Teste, 99",
      "id": 4
    }
  ]
}